<?xml version="1.0" encoding="UTF-8"?><template><name>Spec report</name><description>Provides standard report for Structural View. Modified for threat/risk. Does not include inherited ends.</description><templateFile>template.docx</templateFile><icon/><enable>true</enable><readonly>false</readonly><pinned>false</pinned><category>Architecture Template</category><variables><variable><name>CompanyName</name><description>A company's name</description><type/><isHTML>false</isHTML><value xml:space="preserve"/></variable><variable><name>CompanyAddress</name><description>A company's address</description><type/><isHTML>false</isHTML><value xml:space="preserve"/></variable><variable><name>Author</name><description>Author of document</description><type/><isHTML>false</isHTML><value xml:space="preserve"/></variable><variable><name>DocumentTitle</name><description>A title of document that is shown on header of every page in document expect the first page.</description><type/><isHTML>false</isHTML><value xml:space="preserve"/></variable><variable><name>Revisions</name><description>Describe information of each revision; revision number, revision date, revision author and revision description</description><type/><isHTML>false</isHTML><value xml:space="preserve"/><variable><name>0.1</name><description>Revision number</description><type/><isHTML>false</isHTML><value xml:space="preserve"/><variable><name>author</name><description>Author who edited document in this revision</description><type/><isHTML>false</isHTML><value xml:space="preserve"/></variable><variable><name>date</name><description>Date that document was edited in this revision</description><type/><isHTML>false</isHTML><value xml:space="preserve"/></variable><variable><name>description</name><description>Description about this revision</description><type/><isHTML>false</isHTML><value xml:space="preserve"/></variable></variable></variable><variable><name>Purpose</name><description>Describe the objective of this document</description><type/><isHTML>false</isHTML><value xml:space="preserve"/></variable><variable><name>Scope</name><description>Provide a short description of the system being specified and its purpose, including relevant benefits, objectives, and goals</description><type/><isHTML>false</isHTML><value xml:space="preserve"/></variable><variable><name>Overview</name><description>Describe what the document contains and explain how the document is organized</description><type/><isHTML>false</isHTML><value xml:space="preserve"/></variable><variable><name>Footer</name><description>Footer note that is show in footer section in every page expect the first page</description><type/><isHTML>false</isHTML><value xml:space="preserve"/></variable><variable><name>QualifiedNameSeparator</name><description>Separator of qualified name</description><type/><isHTML>false</isHTML><value xml:space="preserve"/></variable></variables><perspectives/></template>